序號,地區別,縣市,觀光工廠名稱,地址,觀光工廠預約電話,網址,經緯度(度)Google地圖,102簡介(約90字內)
1,北部,宜蘭市,亞典蛋糕密碼館,宜蘭縣宜蘭市梅洲二路122號,03-9286777,http://www.rden.com.tw,"""24.781036,121.732097""",亞典蛋糕密碼館，館內規劃有展示區、導覽簡報區、現場烘焙區及DIY區… 等。透過館內的介紹，可以了解蛋糕的源由與製程。除了享受亞典蛋糕密碼館為您帶來的「五心級」服務外，更讓您擁有前所未有的感動。
2,北部,宜蘭市,菌寶貝博物館,宜蘭縣宜蘭市梅洲一路22號,03-9281168,http://www.bio-nin.com.tw,"""24.776214,121.735223""",全台唯一以微生物為主體兼具教育性與娛樂性的觀光工廠，提供完整微生物的相關知識導覽解說，有國寶級牛樟芝、鎮館之寶3500年的牛樟樹雕刻品，全台首創黃金蟲草接菌和保養品DIY體驗。
3,北部,宜蘭市,臺灣菸酒(股)公司宜蘭酒廠觀光工廠,宜蘭縣宜蘭市舊城西路3號,03-9355526#461,http://event.ttl-eshop.com.tw/yl/,"""24.75695,121.749523""",1909年創立，是台灣最老的酒廠，生產紅露酒、紅麴香腸、紅糟醬等產品，融入在地特色；廠內日治時期老建築，體現百年歷史縮影，設有酒文物館、紅露藝廊、展售中心等完善休憩設施。
4,北部,宜蘭市,橘之鄉蜜餞觀光工廠,宜蘭縣宜蘭市梅洲二路33號,03-9285758,http://www.agrioz.com.tw,"""24.779943,121.736927""",台灣第一家蜜餞觀光工廠，產品不做化學添加及防腐劑，忠實呈現自然果香，遊客可用視覺、味蕾感受台灣四季水果的變幻滋味，透過參觀工廠能直接了解橘之鄉的堅持與用心。
5,北部,宜蘭縣,宜蘭餅發明館,宜蘭縣蘇澳鎮海山西路369號,03-9905999,http://www.i-cake.com.tw,"""24.614475,121.829157""",館內以濃厚中國風營造婚嫁習俗喜慶氛圍，展示各式餅印，以靜、動態多媒體呈現製餅達人劉鐙徽發明宜蘭餅的故事，開放參觀透明化之生產線，大型DIY教室可體驗親手製作超薄牛舌餅的樂趣。
6,北部,宜蘭縣,金車威士忌酒廠,宜蘭縣員山鄉員山路二段326號,03-9229000#1104,http://www.kavalanwhisky.com.tw,"""24.713691,121.69179""",金車威士忌酒廠是台灣第一座威士忌酒廠，以百年酒廠為目標，運用中央山脈與雪山山脈的清澈水源，打造第一支台灣自行生產的威士忌。口感醇厚、風味迷人，以「KAVALAN」為品牌，榮耀宜蘭。
7,北部,宜蘭縣,博士鴨觀光工廠,宜蘭縣五結鄉福興村新五路1-1號,03-9606051、2,http://www.dr-duck.com.tw/,"""24.682497,121.785123""",「博士鴨」以鴨胸肉研發成各種特色產品，包裝、設計、製造過程，風味調製等皆是兼具色香味美之傑作，除鴨賞外有鴨排、鵝肝卷、博多卷、鵝醬火腿多元化產品，宜蘭唯一鴨賞觀光工廠，歡迎蒞臨!!
8,北部,宜蘭縣,蜡藝彩繪館,宜蘭縣蘇澳鎮德興六路7號,03-9907101,http://www.lucky-art.com.tw,"""24.630829,121.82453""",台灣碩果僅存的蠟筆工廠之一，生產研發的人體彩繪顏料，為歐美各國重大賽事及嘉年華會廣泛使用；彩繪人文與藝術是父母最優質的選擇，能藉由彩繪DIY激發潛能，更是極富寓教於樂的色彩創意天堂。
9,北部,基隆市,一太e衛廚觀光工廠,基隆市安樂區大武崙工業區武訓街51號,02-24342111#503,http://www.itai.com.tw,"""25.147263,121.699609""",國內首家結合教育、知識、文化與觀光的全方位衛廚觀光工廠，展售兼具環保、樂活最新時尚科技衛廚精品，附設亞洲唯一衛浴文化館，展示東西方衛浴文化演進，歡迎來趟豐富知性之旅，絕對不虛此行。
10,北部,新北市,三峽農特產文化館,新北市三峽區正義街18號,02-26723868,http://www.chinafoods.com.tw,"""24.919348,121.369459""",本館運用本地有名之綠竹筍、茶葉為材料，以專業的產銷連貫監督管理體系，確保耕作、施肥、用藥、加工過程的安全衛生，並研發地方伴手禮及特色風味餐飲，提升品牌知名度及本地農產品之附加價值。
11,北部,新北市,大黑松小倆口牛軋糖創意博物館,新北市土城區自強街31之2號,02-22687222,http://www.9420.com.tw,"""24.97193,121.432732""",參觀人數已突破120萬人、65個國家、2萬台車次，館內展示台灣早期牛軋糖的製程、婚禮用品，以「台灣古早味風格」呈現，規劃「孝親大道」，期望喚起年輕E世代人「飲水思源」與「孝親」的中國傳統美德。
12,北部,新北市,工研益壽多文化館,新北市淡水區埤島里46-7號,02-27781981,http://www.kongyen.com.tw,"""25.19967,121.45515""",工研酢於1941年誕生，是臺灣第一間釀酢工廠，從白酢開始生產，逐步研發烏酢、健康酢、味噌、咖哩、各式醬料及冬蟲夏草等多樣化產品。至今堅持以「天然純釀」的原則，誠信經營！
13,北部,新北市,手信坊創意和菓子文化館,新北市土城區國際路55號,02-82620506,http://www.3ssf.com.tw,"""24.977821,121.466603""",手信坊將日本和菓子不同的多元文化加以融入，創造屬於「臺灣本土新一代的菓子」，我們稱為 『創意和菓子』。DIY製菓學園邀請大家一起親身體驗和菓子的極致之美。
14,北部,新北市,王鼎時間科藝體驗館,新北市土城區大暖路136號,02-22682999#12,http://www.atopwatch.com/factory/,"""24.955976,121.423672""",王鼎是以時間為主題的時間科藝體驗館，積極轉型創立ATOP World Time世界時區錶更獲得世界產品設計大賞。傳達計時器的歷史與演進、專利技術展現、鐘錶製程參觀與實際動手組裝體驗，是一座融合時間知識、科學與藝術的時間殿堂。
15,北部,新北市,台灣不二衛生套知識館,新北市淡水區埤島里 46-3 號,02-37655005,http://www.fujicondom.com,"""25.198772,121.45483""",台灣不二衛生套知識館的目標是開放製程檢驗、實驗室，配合體動遊戲互動、DIY等，提供觀光知性娛樂休閒之外，期望更能對社會貢獻教育的另一管道。
16,北部,新北市,玉美人孕婦裝觀光工廠,新北市板橋區四川路２段16巷10號5樓,02-89669762#15,http://www.ymr.com.tw,"""24.997297,121.456266""",創立於1956年，透過生產線參觀了解孕婦裝製作過程，提供親子互動體驗，針對懷孕週期的知識講解，孕婦模擬體驗衣的實際體驗，在參訪過程中更能體會身懷六甲的辛苦感受，營造甜蜜負擔的幸福氛圍。
17,北部,新北市,光淙金工藝術館,新北市林口區粉寮路一段104號,02-86014430,http://www.jewelrymuseumtaiwan.com,"""25.081965,121.40006""",呈現珠寶產業歷史文化、開放製程參觀、介紹珠寶知識；在精品區遊客可盡情選購設計感十足的飾品。最受喜愛的飾品DIY，可製作專屬的飾品，為另一半做誠意十足的小禮物，都是別處無法體驗的活動。
18,北部,新北市,吳福洋襪子故事館,新北市林口區工二工業區工九路3號,02-26035008,http://www.wufuyang.com,"""25.075814, 121.401296""",吳福洋襪子故事館保存台灣織襪產業與企業歷史的珍貴史料，現場展示織襪流程，強調知識與趣味性，帶您深入了解襪類織品；搭配季節性主題的DIY課程，讓全家一同體驗百年前傳統手搖織襪的樂趣！
19,北部,新北市,宏洲磁磚觀光工廠,新北市鶯歌區中正三路230巷16號,02-86782788,http://www.hjtilemuseum.com.tw,"""24.939779,121.329963""",宏洲磁磚觀光工廠是一片磁磚時間旅行的活體工廠，以鶯歌百年陶瓷風華宏洲再現為職志，繽紛彩繪、快樂拼貼、趣味轉印等創意陶藝活動，更增添寓教於樂的知性之旅。
20,北部,新北市,琉傳天下藝術館,新北市淡水區口湖子1-7號,02-26256972,http://www.glastory.com,"""25.190622,121.477751""",分享琉璃知識、導覽製程、吹製表演秀和DIY體驗活動，參觀過程融合豐富的產業知識、高度的技術展現、美學藝品賞析、創作個人專屬的作品，各年齡層遊客均可以體驗一趟美學知性之旅。                 
21,北部,新北市,茶山房肥皂文化體驗館,新北市三峽區白雞路64之11號,02-26714400,http://www.teasoap.com.tw,"""24.912374,121.384082""",全台唯一生產浮水肥皂的工廠，歷經五十多年歲月首度公開神祕的熱煮製皂法、嚴選物料等製程，提供趣味導覽、肥皂歷史介紹、地方文化物品展示、生產線參觀，與寓教於樂的手製肥皂DIY課程等。
22,北部,新北市,許新旺陶瓷紀念博物館,新北市鶯歌區尖山埔路81號,02-26789571,http://www.shus.com.tw,"""24.950898,121.347805""",位於鶯歌尖山埔，是一座兼具教育、文化、觀光、設計的多功能博物館，可以透過介紹來充分了解鶯歌在地的發展史，也可體驗製陶的趣味及挑戰，不分年齡，皆可玩的盡興。
23,北部,新北市,幾分甜幸福城堡,新北市五股區五工六路24號,02-22902222,http://www.howsweet.com.tw,"""25.063311,121.448758""",打造台灣伴手禮形象，是幾分甜追求的目標，獲得國際級HACCP、ISO22000食品安全雙重認證，並延聘知名西點、麵包師駐廠指導，提供消費者更多商品選擇，幾分甜期盼為台灣伴手禮市場注入新的生命。
24,北部,新北市,登峰魚丸博物館,新北市淡水區中正東路1段3巷43號8樓,02-26253312,http://www.fish-ball.com.tw,"""25.170097,121.439716""",從事魚丸行業一甲子，開創「淡水魚丸」、首創淡水魚酥，設立台灣第一家魚丸博物館，介紹魚丸飲食文化，推廣漁業及海洋知識，提供魚丸、魚漿創意DIY活動，讓遊客體驗親手捏出的魚丸趣味。
25,北部,新北市,維格餅家 鳳梨酥夢工場,新北市五股區成泰路一段87號,02-22919122,http://www.taiwan-vigor.com.tw,"""25.068739,121.435211""",藉由鳳梨的「旺來」意象，將最新互動科技體驗與鳳梨酥DIY導入，加深寶島水果印象，延伸出對其它特色產品之認同。透過充滿樂趣的參觀行程讓貴賓開心地享受台灣鳳梨滿滿好運與美味糕點。
26,北部,桃園縣,中天健康生活館,桃園縣龍潭鄉高楊北路81號,03-4710888,http://www.microbio.com.tw/01.htm,"""24.839645,121.20659""",經營項目有生技新藥與功效保健營養品，從原料篩選、製程與品質管制到包裝設計等環節，均遵循科學化、標準化、現代化的嚴謹規範，連續五年榮獲國家生技醫療品獎「營養保健食品類」第一名的殊榮。
27,北部,桃園縣,白木屋品牌探索館,桃園縣楊梅市高獅路813巷22弄6號,03-4965757,http://www.wwhouse.com.tw,"""24.927715,121.164381""",座落於楊梅幼獅工業區內，堅持以創意帶動品味，館內每個角落都佈置美輪美奐，透過玻璃窗見證白木屋商品的製作過程。傳遞幸福的場館，有趣的DIY課程。好吃、好玩、好拍照的好所在，幸福歡樂的奇妙旅程從白木屋品牌探索館開始。
28,北部,桃園縣,江記豆腐乳文化館,桃園縣中壢市月眉路2段248巷85號,03-4986018,http://www.xpl.com.tw,"""25.006634,121.185164""",文化館成立源自於江常涵董事長對家族情感與豆腐乳的美味回憶。歷經一甲子的歲月，記錄著對豆腐乳的情感，讓大眾在品嚐和參觀的同時，亦能感受所堅持的陳釀美味和文化的傳承。
29,北部,桃園縣,宏亞食品巧克力觀光工廠,桃園縣八德市介壽路二段巧克力街底,03-3656555,http://www.republicofchocolate.com.tw,"""24.943325,121.297187""",巧克力共和國是一座以巧克力為主題的觀光工廠，建築設計、館內主題設計皆以巧克力為主題，這裡也提供豐富的巧克力相關知識，亦可以DIY創作巧克力，為一寓教於樂、適合親子休閒娛樂的絕佳去處。
30,北部,桃園縣,東和音樂體驗館,桃園縣大溪鎮信義路226號,03-3882215#210,http://www.music4fun.com.tw,"""24.886028,121.29493""",館內透過遊戲、DIY及親身體驗的方式，啟發大眾對音樂的興趣、認識樂器與音樂，各年齡層遊客均可以一起跟著東和進入音樂的世界，體驗享受音樂的愉悅吧!
31,北部,桃園縣,南僑桃園觀光體驗工廠,桃園縣龜山鄉興邦路35號,03-2630264,http://www.namchow.com.tw,"""24.983481,121.32509""",南僑1952年成立至今，從“水晶肥皂”延伸至以米、油、麵的食品產業。廠內有歷史文物館藏、油脂走廊、水晶肥皂體驗、寶萊納啤酒、點水樓餐廳，特色餐點DIY，及泰國文物館、四面佛禮讚區。
32,北部,桃園縣,郭元益糕餅博物館,桃園縣楊梅市幼獅工業區青年路9巷1號,03-4962201#1,http://www.kuos.com/museum/,"""24.928066,121.167525""",糕餅博物館位於桃園生產基地，在漢風的優良觀光工廠中，體驗悠閒人文氣息，一覽糕餅製作過程。綠標生活館為台灣食品業第一座黃金級綠建築，結合綠氧DIY教學與樂活休閒新體驗，推廣環境教育。
33,北部,桃園縣,雅聞魅力博覽館,桃園縣楊梅市中山北路1段21巷1號,03-4883800、03-4780201#56、88,http://www.arwin.com.tw,"""24.907143,121.149866""",集合旗下化妝品、保健食品、內衣與SPA等四大產業的觀光工廠，以茅草屋、石雕等元素打造的峇里島風情，混著輕快的音樂，噴灑帶有香氣精油的水霧，讓人猶如親臨南國一般心曠神怡！
34,北部,桃園縣,義美生產‧生態‧生活廠區,桃園縣蘆竹鄉南工路一段11號,03-3117525,http://www.imeifoods.com.tw,"""25.059509,121.278636""",創立於西元1934年，七十多年來，一步一腳印，「真誠實在」的製餅精神始終如一，從日常生活、出生、婚俗、節慶、壽慶到祭祀，陪著台灣人度過人生每個重要里程。
35,北部,桃園縣,臺灣菸酒(股)公司桃園觀光酒廠,桃園縣龜山鄉文化一路55號,03-3283001 #340、380、433,http://event.ttl-eshop.com.tw/lk/,"""25.056168,121.375231""",桃園酒廠為北部地區產能最大、設備最現代化的米糧釀造酒生產工廠。廠內有產品推廣中心，開放民眾參觀並了解製酒過程與歷史，與鄰近其他景點連結，形成地方產業文化觀光特色主題，帶動產業觀光提昇觀光旅遊的豐富性。
36,北部,桃園縣,麗嬰房采衣館,桃園縣蘆竹鄉海湖村海山中街8號3樓,03-3544417,http://www.facebook.com/lescolorful?fref=ts,"""25.106695,121.260003""",以「孩子是我們一輩子的事業」為經營理念，提供開創婦幼食衣育樂相關的高品質商品；旨在傳承織品產業文化、培育設計軟實力，以「一件衣服的旅程」為題，趣味體驗講訴衣服從設計到製造的流程。
37,北部,桃園縣,祥儀機器人夢工廠,桃園縣桃園市桃鶯路461號,03-3623452,http://www.shayyerobot.com.tw,"""24.282689, 121.192685""",祥儀企業成立於1980年，從傳統齒輪產業起家，因為重視研發，掌握機器人關鍵零組件技術，一舉從傳統產業跨足創新科技產業，致力於機器人應用領域。配合桃園航空的啟動與推廣智能化產業，打造了台灣首座最具互動性的機器人主題觀光工廠，要讓您體驗超越想像的機器人之夢。
38,北部,桃園縣,卡司．蒂菈樂園,桃園縣蘆竹鄉宏竹村大竹北路90-66號,03-2551999,http://www.castella-land.com.tw/,"""25.031860, 121.253461""",卡司蒂菈樂園.是桃園首座文創觀光工廠.不但完整呈現金格食品的歷史沿革.以及產品製作過程透明化以外.同時也融入許多互動趣味元素。透過有趣與簡單的小遊戲和介紹.讓大小朋友都能輕鬆學習烘焙文化。
39,北部,新竹市,春池綠能玻璃觀光工廠,新竹市香山區牛埔南路372號,03-5389165,http://www.hcspg.com.tw,"""24.794325,120.932484""",深度新竹地方文化行旅。透過專業導覽解說，認識玻璃、瞭解台灣玻璃歷史及回收利用過程。國寶級工藝師現場製作玻璃藝術，品味精湛工藝技術，感受產業魅力與DIY製作體驗， 透過創意留下難得回憶。
40,北部,新竹縣,濟生Beauty兩岸觀光生醫美學健康館,新竹縣湖口鄉新竹工業區實踐路3號,0800-213568,http://www.cscp.com.tw,"""24.869832,121.018234""",新竹縣第一且唯一榮獲雙認證的觀光工廠，也是結合產業文化、教育學習的健康美學活體工廠，館內分為五大區，帶給消費者健康概念並讓消費者買的放心、吃的安心。
41,北部,苗栗縣,百茶文化園區觀光工廠,苗栗縣頭屋鄉象山村8鄰象山路188號,037-252667,http://www.mrteago.com,"""24.578122,120.858018""",百茶匯觀光工廠位於國道1號126K頭屋交流道出口處，規劃為養生茶、道之驛、咖啡、客家餐廳、養生藝傳中心與旅遊服務中心，擴大社會服務，將養生文化與體驗普及社會各地。
42,北部,苗栗縣,冠軍綠概念館,苗栗縣造橋鄉豐湖村一鄰乳姑山2號,037-583775#1322、1323,http://www.champion.com.tw,"""24.625004,120.852795""",身為磁磚業龍頭，冠軍興建磁磚產業首座綠色磁磚觀光工廠，用行動倡導與大自然共生，實踐深耕地方回饋鄉里的承諾，提供高品質磁磚、專業技術、豐富產業知識，教育下一代關心歷史智慧及綠色文化。
43,北部,苗栗縣,國泰玻璃觀光工廠,苗栗縣竹南鎮新南里24鄰崁頂151號,037-614118,http://www.glasspark.com.tw,"""24.692704,120.881616""",結合休閒、體驗、益智的玻璃觀光工廠，參觀行程有專人廠區導覽、玻璃知識介紹、工藝老師手作玻璃示範、口吹DIY教學、親子DIY等豐富內容。珍貴的文化行腳、感動的玻璃體驗，不容錯過！
44,北部,苗栗縣,臺鹽通霄鹽來館,苗栗縣通霄鎮內島里122號,037-792121#825,http://tesf.tybio.com.tw/,"""24.55635,120.704201""",園區設有鹽來館、溫泉泡腳區、文創園區、鹽鄉小棧及富教育歷史意涵的鹽宗雕像...豐富有趣的設施內容，可預約進入工廠區一覽產製鹽、水生產線、多元呈現鹽業文化，是兼具教育與休閒的觀光景點。
45,北部,苗栗縣,立康健康養生觀光工廠,苗栗縣頭份鎮蘆竹里工業路55號,03-7613496,http://www.likang.com.tw,"""24.674084, 120.885692""",設有美容保養品，保健食品，酸痛貼布製造廠。規畫時光走廊舊製造機區，百草園區，藝品珍藏展示，生產設備製造流程參觀。美容保養品生產各種膚質專用面膜生產線，精華液、精華露、防曬乳多元化產品。專業講師企業介紹及健康講座，獲得健康保健知識。
46,中部,台中市,台灣味噌釀造文化館,台中市豐原區三村里西勢路701號,04-25320279,http://www.weijung.com,"""24.234156,120.700602""",台灣第一座【味噌釀造文化館】館內館外展示釀造文化精神，味噌知性之旅可以了解味噌歷史、工法、種類、食用與保存，透過DIY味噌與手工皂體驗釀造樂趣，製作屬於自己的味噌。
47,中部,台中市,台灣氣球博物館,台中市神岡區大豐路5段505號,04-25284525,http://www.balloonmuseum.com.tw/,"""24.247356,120.699081""",館內規劃了豐富的知識之旅、好玩的DIY活動與氣球遊戲。您知道氣球是如何做出來的嗎?氣球為什麼會有捲嘴?氣球為什麼要放進烘衣機?氣球要怎樣印刷?有趣的答案就在這裡!
48,中部,台中市,張連昌薩克斯風博物館,台中市后里區公安路330之1號,04-25562363 04-25578989,http://www.sax.org.tw,"""24.312397,120.694792""",薩克斯風有天鵝般優雅的外型，還有『魔鬼般』具穿透力的聲音，全台灣唯一「張連昌薩克斯風博物館」，親自感受製程繁瑣、簡易吹奏，及DIY體驗。
49,中部,台中市,順天堂觀光工廠,台中市工業區42路16號,0800-070199,http://www.suntenherb.com.tw/sunten/show.php,"""24.173201,120.584355""",「順天堂集團」推出知性養生之旅，讓大家親身一探科學中藥製造的真面貌，漢方諮詢師針對時下的養生議題與遊客互動，還有免費試吃試飲的活動，讓遊客在旅程中體驗漢方養生的新樂趣。
50,中部,台中市,意得客超導熱奈米博物館,台中市大肚區沙田路3段245巷83號,04-26990189,http://www.heatact.com.tw/show/,"""24.16574,120.537716""",創立於1978年，專研於電熱研發，將科技運用在人造衛星而成立國內第一家博物館，讓各界人士了解科技運用進而達到環保減碳，低電磁波，由淺入深導覽解說，開放DIY教學及觀摩，進而達到寓教於樂。
51,中部,台中市,鞋寶觀光工廠,台中市西屯區工業區八路11號,04-23590112#116,http://shoeswonderland.bestmotion.com,"""24.171961,120.603991""",每雙鞋背後都蘊藏著一段美麗的故事…到鞋寶觀光工廠追尋台灣鞋業風光歲月痕跡、感受傳統與科技製鞋工藝、MIT鞋品檢測、體驗客製量腳，深度認識台灣好鞋，一同進入鞋子探索的豐富殿堂。
52,中部,台中市,寶熊漁樂館,台中市潭子區中山路三段11號,04-3501-3338,http://www.okuma.com.tw,"""24.220182,120.706291""",全球知名釣具品牌「okuma」寶熊漁具所成立亞洲第一家釣具觀光工廠，延續企業「創造釣魚休閒生活的樂趣」使命，提供釣魚知識、釣具介紹與結合觀光旅遊，成為最具寓教「漁」樂的釣魚殿堂。
53,中部,台中市,臺灣菸酒(股)公司台中觀光酒廠,台中市西屯區協和里工業28路2號,04-23501318#430、452,http://event.ttl-eshop.com.tw/tc,"""24.164551,120.598778""",台中酒廠環境優美，小橋流水、綠樹成蔭，廠區規劃為自由參觀景點區及生產區，綠地面積約10公頃，以庭園造景為主，並結合廠區內有「酒文物館」，可一覽酒文物及歷史具有文化氣息，歡迎預約導覽及參加DIY體驗課程。
54,中部,台中市,老樹根魔法木工坊, 台中市南區樹義路63號,04-22628621,http://www.mutou-wood.com,"""24.10984,120.652757""",老樹根魔法木工坊設有DIY手動館、木偶體驗館、樂活木工館、木藝驚奇館、木頭鳥咖啡館及冰淇淋館，加上景觀遊具區、土埆厝三合院、獨角仙小棧及阿嬤的菜園等，適合親子體驗木頭、玩木頭、彩繪木頭，是處處充滿驚奇的木頭夢想樂園。
55,中部,台中市,阿聰師糕餅文化館,台中市大安區福興里興安路168號,04-26711477,http://www.o-nongs.com.tw,"""24.350889,120.612373""",阿聰師芋頭文化館位於台中市大安區，是全台灣唯一一家芋頭觀光工廠，結合當地產業文化與旅遊新型態，讓遊客能開心遊園的好去處，透過DIY親手體驗做餅的樂趣外，以傳承在地產業文化的好地方。
56,中部,台中市,台灣印刷探索館,台中市大里區中興路一段288號,04-24951001,http://twin.ppmof.gov.tw,"""24.087157,120.696514""",「臺灣印刷探索館」為全臺灣第一個印刷產業觀光工廠，有著全臺灣最大的書，更是第一個開放統一發票印刷製程讓大朋友、小朋友一窺究竟、寓教於樂的好去處。我們秉持著產業傳承與啟發教育的初衷，透過互動體驗的遊戲方式，期望把印刷的美好呈現給大家，歡迎大家手牽手一起來「臺灣印刷探索館」和我們的印刷古騰堡先生當好朋友喔!!
57,中部,彰化縣,中興穀堡稻米博物館,彰化縣埤頭鄉彰水路二段526號,04-8926088,http://www.ricecastle.com.tw,"""23.870175,120.459213""",可學習稻米文化及知識，體驗爆米香、碾米樂及製作專屬稻草人等豐富的DIY課程，館內提供獨有米零食與甜點、幸麩米茶與台灣米咖啡、精緻喜米禮盒多樣化產品，期待您一同來感受中興穀堡的魅力！
58,中部,彰化縣,台灣玻璃館,彰化縣鹿港鎮鹿工南四路30號,04-7811299#266、#229,http://www.timingjump.com.tw,"""24.068678,120.395063""",廠區結合台灣生態、文化之玻璃藝術，展示生活玻璃、世界之最作品、工程內裝、藝術創作、資訊知性、親子體驗等，提供玻璃的發展歷史、基本素材、製程等知識，能一次滿足所有玻璃相關知識與資訊。
59,中部,彰化縣,白蘭氏健康博物館,彰化縣鹿港鎮彰濱工業區鹿工路18號,04-7810077,http://www.brands.com.tw/museum/index.html,"""24.077666,120.400452""",多媒體互動式之展示設施，讓您透過最新科技了解健康概念；水簾式養殖魔幻劇場利用虛擬影像和真實模型疊合的動畫呈現鷄隻的養殖過程；廠內透明參觀走道可清楚看到雞精生產過程，喝得更安心
60,中部,彰化縣,樂活觀光襪廠,彰化縣社頭鄉廣興村中山路一段465號,04-8720522,http://www.loho.com.tw,"""23.895039,120.583244""",樂活觀光襪廠首創襪子娃娃DIY，導覽解說深度體驗社頭襪子的故鄉，古老襪機設備、體驗翻襪樂趣。為寓教於樂的觀光襪廠，呈現織襪文化多元風貌並自創LOHO樂活精品，讓遊客買到真正MIT產品。
61,中部,彰化縣,緞帶王觀光工廠,彰化縣鹿港鎮鹿工路15號,04-7813366,http://www.ribbon888.com,"""24.076936,120.395178""",織帶文化園區內展示色彩繽紛的織帶及織帶的精彩生產過程，來一趟緞帶幸福體驗館之旅，更可揭開台灣傳統產業神秘製程之面紗，一條龍的織造生產過程等您來探索，體會傳統產業的堅韌生命力。
62,中部,彰化縣,襪仔王觀光工廠,彰化縣田中鎮頂潭里員集路3段440巷16弄1號,04-8749909,http://www.soxlink.com.tw/soxking/,"""23.874718,120.587495""",藉由導覽解說讓消費者更了解襪子的功能、製程、如何篩選襪子，規劃互動式翻襪遊戲及襪子娃娃DIY，親身體驗襪子創造的樂趣及知識，將傳產透過觀光導入創新，傳承企業永續經營的精神及服務。
63,中部,彰化縣,台灣優格餅乾學院,彰化縣線西鄉草豐路501巷5號,04-7589501,http://schoolofcookie.blogspot.tw/,"""24.125857, 120.46646""",台灣唯一餅乾知識館，在貓頭鷹校長的帶領下，結合餅乾魔法的意念，體驗獨具創意的冒險故事。從餅乾歷史，到世界各國餅乾，達人知識完全傳授！再試試獨特的魔法實驗，創作專屬的餅乾饗宴！
64,中部,南投縣,水里蛇窯陶藝文化園區,南投縣水里鄉頂崁村水信路一段512巷21號,049-2770967,http://www.snakekiln.com.tw,"""23.801734,120.865386""",歷經百年歲月焠練，於民國82年轉型為觀光窯場，成為國內碩果僅存、最完整之柴燒古窯，園區附設簡報室、文物館、陶藝教室設施，提供專業解說及陶藝教學，保留舊工廠之規模繼續生產地方特色產品。
65,中部,南投縣,台灣麻糬主題館,南投縣南投市自強三路3號,049-2261123,http://www.taiwanmochi.com.tw/,"""23.921423,120.668698""",家會香食品公司外銷麻糬至全世界，精心籌畫「台灣麻糬主題館」提供遊客免費休憩以及每月更新之課程動手做創意糕點。第二期館區於2012年底全新開幕，更增加達人現場實作以及異國風點心專區。
66,中部,南投縣,台灣菸酒(股)公司埔里觀光酒廠,南投縣埔里鎮中山路三段219號,049-2984006#456,http://event.ttl-eshop.com.tw/pl/,"""23.968132,120.960369""",本廠秉持「文化釀酒‧藝術觀光」的經營理念，帶您體驗釀酒樂趣：一粒米釀成一滴酒。讓您瞭解釀造工藝與酒文化，引導您品嚐狀元紅、女兒紅與酒香美食，建立健康飲酒之道。
67,中部,南投縣,光遠燈籠觀光工廠,南投縣竹山鎮延平二路11號,049-2642394,http://www.ever-shine.com.tw,"""23.767537,120.702643""",在光遠燈籠觀光工廠內，除了傳統燈籠的製作過程之外，更能體驗DIY彩繪燈籠的樂趣，專人導覽解說傳統燈籠的文化與歷史典故，希望藉由觀光工廠推廣，能將傳統燈籠的習俗用法保存下去。
68,中部,南投縣,旺根城-藏傘閣觀光工廠,南投縣竹山鎮延平路10號,049-2643411,http://www.outlooking.com.tw,"""23.767751,120.704083""",體驗藏傘閣三寶：好傘、美食、好油，內設產業、企業、文化區；餐廳、咖啡、傘甘甜點工坊、品茶、特產、美食、養生閣油廠區；DIY、親子活動區，歡迎光臨、體驗。
69,中部,南投縣,采棉居寢飾文化舘,南投縣竹山鎮延平一路12號,049-2642166,http://www.cheauwei.com.tw,"""23.768816,120.704195""",館內說明古今中外枕頭的歷史故事淵源，藉由阿嬤的紅眠床，古人的枕頭文物，懷舊的心情、故事，一齣具戲劇性及視覺意象的情景，找尋回憶、體驗、訴說故事或重溫人生的經驗。
70,中部,南投縣,香里活力豬品牌文化館,南投縣南投市南崗工業區仁和路3號,049-2259999#204、205,http://www.shanglee.com.tw,"""23.924255,120.675292""",秉持衛生、優質、安全的經營理念的香里食品，民國98年籌設文化館，導入台灣豬的文化與故事，將多元的豬知識，舉凡台灣各年代養豬史、牽豬哥、神豬文化等在館內被一一呈現。
71,中部,南投縣,造紙龍手創館,南投縣埔里鎮溪南里隆生路118-2號,049-2902989,http://www.pulipaper.com/diy/,"""23.948082,120.958257""",1.榮獲觀光工廠教育類優良獎2.全台唯一設有立體捲紙作品展覽館3.全台唯一機械造紙專人導覽解說4.適合各年齡層之DIY活動，每日開放5.每日營業9點-17點
72,中部,南投縣,遊山茶訪,南投縣竹山鎮延平路19號,049-2643919,http://www.yoshantea.com,"""23.768524,120.702479""",遊山茶訪以茶葉文化館，用心研發茶葉生產，提供了知識、休閒、文化等有內涵的服務，創造更豐富的生活空間。
73,中部,南投縣,臺灣菸酒(股)公司南投觀光酒廠,南投市軍功里東山路82號,049-2234171,http://event.ttl-eshop.com.tw/nt/,"""23.919663,120.705511""",建於民國66年，生產各式水果酒及威士忌、白蘭地等，產品推廣中心啟用後，僅除夕不開放外，全年開放參觀，提供酒銀行選購及個人專屬造型紀念酒之客製化服務，為具多元性遊憩功能之臺灣味酒莊。
74,中部,南投縣,廣興紙寮,南投縣埔里鎮鐵山里鐵山路310號,049-2913037,http://www.taiwanpaper.com.tw,"""23.975693,120.938331""",全台唯一對外開放供參觀及教學體驗的手工造紙廠，設計適合各年齡層的教學活動，是具有知識性、趣味性及挑戰性的轉型工廠，附設台灣手工紙店提供了100多種不同性質的台灣精緻手工紙。
75,中部,雲林縣,丸莊醬油觀光工廠,雲林縣西螺鎮延平路25號,05-5863666,http://www.wuanchuang.com.tw,"""23.802355,120.463728""",丸莊位於西螺，主要生產台灣式黑豆醬油，為傳承醬油釀造文化，結合觀光及文化成立首座台灣「醬油觀光工廠」，藉由整體發展的設計規劃後，展現新意與魅力，瞭解台灣傳統黑豆蔭油的釀造過程。
76,中部,雲林縣,大同醬油黑金釀造館,雲林縣斗六市斗工二路39號,05-5576899,http://www.tatungcan.com.tw,"""23.719425,120.597991""",創立於1911年，經歷一百年歷練，大同醬油的堅持與熱情從未改變，始終以傳統釀造技術創造健康香醇味濃的醬油，開放製程並將醬油的歷史文物展現分享，期盼以『寓教娛樂』傳承傳統釀造產業精神。
77,中部,雲林縣,汎歌保養品科技美學舘,雲林縣斗六市工業路79號,05-5571138,http://www.panco.com.tw,"""23.722006,120.58921""",為保持競爭優勢，汎歌於三十年間兩次擴廠，全採GMP標準建造，廠內有全台唯一美國製造的奈米機，不僅研發能力與國際同步，製造過程嚴謹、品質穩定，全廠力求不破壞生態環境，關懷台灣不遺餘力。
78,中部,雲林縣,朝露魚舖觀光工廠,雲林縣斗六市斗工六路6號,05-5575989#122 ,http://www.chaolou.com.tw,"""23.71793,120.596065""",首創全國唯一科技化水產加工廠【健康、安全、美味】，並以顧客的便利為出發點，開發各系列輕鬆料理的急速冷凍真空包裝，歡迎來探索如何憑一把刀與一顆石頭，讓台灣水產業界跨進新紀元。
79,中部,雲林縣,源順芝麻觀光油廠,雲林縣土庫鎮成功路1-62號,05-6622574,http://www.god-bene.com.tw/,"""23.672256,120.395321""",廠區規劃各式展覽空間，陳列歷史照片及擺設古早製油器具，讓您瀏覽「源順」起家的創始故事、如何堅持著「只製造有益人體健康之產品」的信念，不放棄至今的日益成長與茁壯的過程。
80,中部,雲林縣,福祿壽觀光酒廠,雲林縣古坑鄉中山路11號,05-5823106,http://museum.fortunebrewery.com.tw,"""23.640332,120.560153""",福祿壽酒廠堅持原香原料的好酒，榮獲國家級優質酒類認證，及世界菸酒評鑑大會超金質獎，另設酒博物館，介紹製酒流程及收藏酒區，提供導覽、品酒、體驗、購物等多項服務。
81,中部,雲林縣,緹諾時尚生活館,雲林縣斗六市斗工六路20號,05-5576568,http://www.kdl.com.tw,"""23.717701,120.595582""",緹諾為全台最大寢飾觀光工廠，館內展示各種紡織加工品、國軍使用寢具、服飾與迷彩包，現場介紹各機能性產品並解說產製過程等專業知識、提供DIY活動，近期將新設置漆彈場，歡迎參觀體驗。
82,中部,雲林縣,興隆毛巾觀光工廠,雲林縣虎尾鎮埒內里 84-1號,05-6226008,http://www.sltowel.com.tw,"""23.725125,120.443386""",成立近三十年的興隆毛巾，廠內有涵蓋多個年代的毛巾織機，製程豐富且獨具產業特色，提供純正的台灣毛巾工廠導覽、創意產品DIY可發揮參與者的創意與動手實作，饒富趣味性與吸引力。
83,南部,嘉義縣,卡普秀醫美研發中心,嘉義縣民雄鄉民雄工業區成功五街3號,0800-520668,http://www.facebook.com/TS.capsule,"""23.523299,120.450156""",把健康美麗變簡單～本中心專為敏感問題肌膚以及各年齡層男女量身打造醫美級優質保養品，破除盲目追求專櫃品牌的迷思，以專業技術將保養精華封存於時空膠囊內，方便、實用、安全又環保。
84,南部,嘉義縣,民雄金桔觀光工廠,嘉義縣民雄鄉三興村38號,05-2720351,http://www.kingezi.com.tw,"""23.558153,120.476685""",園區內可參觀金桔餅之製造過程，並有金桔DIY體驗活動，亦可漫步在美麗的園區、享受難得悠閒。金桔時光歲道帶大家回到五十年前，跟金桔爺爺一起發掘金桔的無窮妙用。
85,南部,嘉義縣,永勝小丸子健康工廠,嘉義縣民雄鄉頭橋工業區工業三路6-3號,05-2218686#24,http://www.health-house.com.tw,"""23.520926,120.436623""",永勝小丸子健康工廠位於嘉義，在探索館中，體驗豐富保健知識並擁有多項的互動設施，結合樂活休閒DIY的體驗，推廣保健教育。「探索館內滿新奇，端詳一探在致知；安康保健蘊欣喜，製藥科技永流傳」。
86,南部,嘉義縣,余順豐花生觀光工廠,嘉義縣東石鄉蔦松村湖底路20之28號,0800-088662,http://www.yuyuanfarm.com/,"""23.466447,120.222949""",創立於民國45年，為全國第一家花生觀光工廠，以知識、文化與教育為理念在工廠製程中了解產業知識與文化，從採收、加工、銷售一貫流程作業，將傳統農產業轉型，結合產品精緻化與觀光服務。
87,南部,嘉義縣,板陶窯交趾剪黏工藝園區,嘉義縣新港鄉板頭村42-3號,05-7810832,http://www.bantaoyao.com.tw,"""23.565285,120.32072""",板陶窯從『藝昌陶藝廠』轉型為觀光工廠，將廠房重新打造出一個結合戶外庭園區、交趾剪黏工藝館、賣創意、體驗工坊與餐飲服務的休閒園區。
88,南部,嘉義縣,品皇咖啡博物館,嘉義縣太保市梅埔里10鄰梅子厝84之2號,0800-868689,http://www.phcafe-museum.com.tw/ ,"""23.442351,120.343389""",品皇咖啡博物館完整的呈現咖啡知識文化，讓來訪貴賓更了解咖啡的歷史演進、各國咖啡文化以及製程的處理方式，適合對咖啡有興趣的一起來深度體驗咖啡的奧妙之處。
89,南部,嘉義縣,梅問屋梅子元氣館,嘉義縣梅山鄉中山路527號,0800-60-60-60,http://www.plummyume.com.tw,"""23.586761,120.550915""",梅問屋梅子元氣館為全國第一家國家認證梅子觀光工廠，以外銷日本40年的生產經驗，堅持不添加防腐劑、糖精、糖蜜素、色素、漂白劑等，提供消費者好吃健康的梅子產品。
90,南部,嘉義縣,臺灣菸酒(股)公司嘉義觀光酒廠,嘉義縣民雄鄉福樂村中山路4號,05-221-5721,http://event.ttl-eshop.com.tw/cy/,"""23.521073,120.444035""",嘉義酒廠於1916年建廠，典藏1950年出廠台灣第一甕高粱酒是為鎮廠之寶。全年無休，免費開放參觀，館藏豐富佔地千坪，停車場超大好停車。酒香文化之旅，歡迎蒞臨。
91,南部,嘉義縣,穀盛酢鄉文物館,嘉義縣民雄鄉民雄工業區中正路36號,05-2204911,http://www.kokumori.com.tw,"""23.520414,120.458081""",館內收藏各種別具特色的古文物：150年前的壓榨機、千人份大蒸鍋、60餘年歷史的陳年古酢及「酢」文化的相關介紹，希望藉由穀盛酢鄉文物館的成立，讓更多社會大眾得以一窺酢文化的博大精深與奧妙。
92,南部,台南市,Sonispa漾魅力音波體驗館,台南市安南區科技一路8號,0800-892889,http://www.sonispa.com.tw,"""23.043049,120.152529""",皇尚以三十年外銷經驗，堅守品質與創新服務，可在音躍館體驗促進美膚的潔膚儀、美顏儀及消除痠痛的按摩儀，是您美膚最佳守護者；設有全國唯一室內戲鹽室及獨有鹽創商品，歡迎蒞臨體驗。
93,南部,台南市,台灣金屬創意館,台南市永康區永科環路598號,06-2036923#319 ,http://www.tmcm.com.tw/,"""23.045063, 120.275724""",台灣金屬創意館位於台南永康，來這裡可看到金屬的無限可能，結合豐富的台南文化特色，並體驗金屬柔軟、有趣的一面，一覽板金產品製作過程。完整的製程及科技的設備，結合DIY教學與樂活休閒新體驗。
94,南部,台南市,瓜瓜園地瓜生態故事館,台南市新化區中正路127巷31號,06-5902966,http://www.kky.com.tw,"""23.027205,120.306934""",瓜瓜園地瓜生態故事館位於好山好水的新化區，在故事館內可以看到地瓜的品種、生態及如何將傳統農業結合創新技術培育出一條條安心美味的地瓜!想知道更多地瓜的知識，走一趟地瓜生態故事館就對了!
95,南部,台南市,立康中草藥產業文化館,台南市永康區環工路29號,06-2335356,http://www.herbalmed.com.tw,"""23.045952,120.274381""",由生春堂醫藥集團創辦人鄭慶祥累積30餘年的製藥經驗，秉持科技、品質、服務三大經營方針，不斷追求卓越與創新，透過全面資源整合轉型升級，成為具國際水準的一流生技醫藥集團。
96,南部,台南市,宏遠紡織生態工業園,台南市山上區明和里256號,06-5782561#6720、6266,http://www.everest.com.tw/eteip,"""23.113459,120.341696""",宏遠紡織生態工業園，是創新永續的綠色工廠，生產高科技環保機能布料與低碳無毒環保機能衣。擁有鑽石級綠建築，並利用廠區空地引進日本秀明農法，推廣永續農業
97,南部,台南市,康那香不織布創意王國,台南市將軍區三吉里三吉66之1號,06-7941573,http://www.knh.com.tw/,"""23.202746,120.127763""",康那香不織布創意王國，是第一座以不織布產業為主題的觀光工廠，結合知識與互動科技，提供不織布相關與女性生理、嬰兒及老人照護知識之應用，是結合觀光、休閒、教學、文化之場所。
98,南部,台南市,港香蘭綠色健康知識館,台南市新市區南科一路1號,06-5052505,http://www.biotanico.com.tw,"""23.093616,120.284752""",遊客可經由與營養師互動可獲得終身受用的保健知識，參觀動線可看到產品製程及檢驗過程，DIY區可以品嚐產品；透過五感體驗了解健康產業，學習為自身健康把關。
99,南部,台南市,黑橋牌香腸博物館,台南市南區新忠路2號,06-2616990,http://www.blackbridge.com.tw,"""22.979631,120.184602""",黑橋牌香腸博物館為兼具文化與休閒的產業博物館，藉由闡述台南府城在地文化與東西方肉品飲食文化等兩個主軸，以及寓教於樂的香腸嘉年華DIY體驗活動，讓遊客享受一趟知性而趣味的旅行。
100,南部,台南市,新百祿燕窩觀光工廠,台南市南區彰南里新和路40號,06-2615959,http://www.facebook.com/sinbailu,"""22.967492,120.176311""",新百祿燕窩觀光工廠是國內第一座以燕窩為主題，並結合養生產業的知識分享與科技互動，讓消費者和遊客可以在寓教於樂的體驗下更瞭解食品安全及衛生環境的重要性，是您知性之旅的最佳選擇。
101,南部,台南市,臺南．家具產業博物館,台南市仁德區二仁路１段315巷50號,06-2661193,http://www.fmmit.com.tw/index.php,"""22.923936,120.222481""",家博館的成立讓更多人了解台灣家具產業之美，完整的展示環境將本質條件與歷史涵構統合在現代人的生活環境中，整體的展現以達到自然環境、歷史古蹟保存與增進現代人整體生活環境的目的。
102,南部,台南市,臺灣菸酒(股)公司隆田觀光酒廠,台南市官田區中華路一段 335號,06-5791311*521、06-5794669,http://event.ttl-eshop.com.tw/lt/,"""23.195744,120.321194""",本廠以「養生概念」為特色，於原有「養生酒文化園區」增加北蟲草文化及培養設施展示，應用至蟲草養生酒等商品，為全國唯一結合生物科技與製酒技術的「藥味養生觀光酒廠」。
103,南部,台南市,麗豐微酵館,台南市官田區二鎮里工業路48號,0800-882-789,http://www.microfer.com.tw,"""23.216738,120.323039""",麗豐微酵館位於台南市官田工業區，為臺灣第一家以【微生物發酵應用】主題的觀光工廠，並以「微酵」品牌產品，融合核心技術與在地化食材，塑造新商品及新品牌動力，以體驗行銷傳遞產品健康價值。
104,南部,台南市,天一中藥生活化園區,台南市官田區二鎮村工業路31號,06-6985978#128/132,http://www.itenergy.com.tw,"""23.213129,120.323081""",天一中藥生活化園區位於台南官田的綠色大地，園區設計跳脫傳統中藥印象，採時尚文藝風格，透過五行、名醫軼事、趣味製程、時辰節氣和人生各階段的健康概念，讓民眾對預防醫學有更正確的觀念。
105,南部,台南市,台灣漢藥體驗學習館,台南市佳里區嘉福里115-1號,06-7220646,http://www.taiwan-herbal.com.tw/,"""23.168592, 120.149568""",台灣漢藥體驗學習館位於台南市佳里區，是南部大型中藥材進口商，體驗學習館內介紹中藥材檢驗流程與節氣養生之重要性，以生活化的方式推廣中藥，以品嚐節氣燉品體驗養生，把學習與養生結為一體。
106,南部,台南市,臺灣菸酒(股)公司善化啤酒觀光工廠,台南市善化區成功路2號,06-5838511#431,http://event.ttl-eshop.com.tw/sh/index.aspx,"""23.129922,120.318478""",善化啤酒廠秉持公司願景：追求卓越品質、提供滿意服務、善盡社會責任的經營理念，並為敦親睦鄰及回饋廣大消費者，成立觀光工廠，為南臺灣打造一個休閒遊憩、寓教於樂的觀光勝地。
107,南部,台南市,虹泰水凝膠世界,台南市仁德區中正路3段523巷116號,06-2724880,http://www.hometech.tw,"""22.974768, 120.253053""",虹泰水凝膠世界分為水凝膠知識館與戶外水凝膠公仔花園，廣泛介紹水凝膠於醫療器材、保健器材與醫美保養等方面的應用，由觀光導覽中分享正確的醫學保健常識，幫助每一個人能擁有健康美麗的人生。
108,南部,台南市,和明織品文化館,台南市七股區大埕里189號(坤進廠),06-787-5288,http://www.hermin.com/hmtm/,"""23.146314,120.145663""",和明紡織以精緻且優質的紡織面料為基礎，於2014年成立「和明織品文化館 HMTM」，民眾可藉由參觀實際的生產線搭配紡織知識的相關介紹，體會一塊布的產生，是紗線間縱橫編織的結果，不但是許多人汗水的結晶，更需要時間的累積，才得以淬煉出美麗的布面圖案！
109,南部,台南市,卡多利亞良食故事館,台南市後壁區後壁里42之27號,06-6873480,https://www.facebook.com/cadozea.food,"""23.359349, 120.358690""",位於台南市後壁區，台一線省道旁的卡多利亞良食故事館，是一間專門製作美味便當/團膳觀光工廠，主要成立的目的在推廣食品安全教育，提供寓教於樂的觀光休憩空間。民眾來到故事館除了可以參觀工廠的生產製程外，更有許多具有教育意義的活動與展示，讓師生或親子可以藉由互動式的過程，輕鬆體驗相關的活動，從中學習到我們的企業理念，除了「營養健康」、「衛生安全」，更邀請民眾一起來「創新味美」，貫徹卡多利亞的品牌精神。
110,南部,高雄市,台灣滷味博物館,高雄市岡山區本洲產業園區本工一路25號,07-6229800,http://www.de-food.com.tw,"""22.817577,120.267411""",全球第一家「台灣滷味博物館」，藉由複合經營導入文化、設計與美感，展現滷味的前世今生、企業歷史、產業知識、科技化製程、在地文化特色，能在館內照到、看到、吃到、玩到、買到，一次滿足。
111,南部,高雄市,珍芳烏魚子見學工廠,高雄市前鎮區新衙路296巷81弄13號,07-8227488,http://www.a-ten588.com.tw,"""22.582711,120.312968""",本著對家業的傳承及台灣傳統之熱愛，擴大營業並設立工廠，創立「珍芳廠」品牌，實現扎根台灣，期望將「台灣烏魚子」行銷全世界，能夠成為代表台灣的漁產品。
112,南部,高雄市,彪琥台灣鞋故事館,高雄市三民區民族一路335巷43-1號,07-3892246,http://www.puhu.com.tw,"""22.65377,120.313272""",有一間在巷子裡的工廠，堅持根留台灣做百年事業，堅持100％ Made In Taiwan，堅持做一雙幫助人們健康的鞋子，堅持打造專屬台灣的精品品牌。鞋子的故事持續上映，巷仔內 看內行，歡迎光臨全台獨家的鞋子觀光工廠，親身體驗台灣鞋的過去、現在與未來
113,南部,屏東縣,天明製藥農科觀光藥廠,屏東縣長治鄉德和村神農路3號,08-7629666,http://www.tcmm.com.tw,"""22.713619,120.53681""",天明製藥成立於1968年，結合46年製藥經驗，耗資10億建新廠，為全台灣最具規模最完整的「科學中藥博覽館」，企業秉持『存正心、做好藥、行好事』理念，介紹中醫藥文化，推廣遊客正確健康養生觀念。
114,南部,屏東縣,萬寶祿酵素品牌文化館,屏東縣長治鄉德和村神農路17號,08-7624988,http://www.onepower.com.tw,"""22.718332,120.538419""",萬寶祿酵素品牌文化館特殊的建築及生態景觀設計有別於一般的廠房，正如我們的產品，崇尚自然、健康與能量。有安排製程解說與廠區導覽，讓消費者更了解產品的安全性及功能性。
115,南部,屏東縣,臺灣菸酒(股)公司屏東觀光酒廠,屏東縣內埔鄉建國路34號,08-7781640,http://event.ttl-eshop.com.tw/pt/,"""22.645428,120.549485""",屏東酒廠位內埔工業區，是全國生產紅標料理米酒最多的酒廠，廠區翠綠草原、環境清幽，附設產品推廣中心，歡迎到屏東觀光酒廠探索米酒類酒品生產過程及米酒料理各項用途相關知識。
116,南部,屏東縣,鮮饌道海洋食品文化館,屏東縣林邊鄉成功路122號,08-8752229,http://www.jyfood.com.tw,"""22.431677,120.495504""",第一座以鱈魚香絲為主題的海洋食品文化館，除了參觀四十多年來海產品的加工演進，文化館緊鄰大鵬灣國家風景區，是一個適合觀光、休閒、旅遊、教學、文化的地方。
117,東部,台東縣,池上鄉農會觀光工廠金色豐收館,台東縣池上鄉新興村7鄰85-6號,089-865936,http://csfa.org.tw/,"""23.112151,121.203068""",東台灣第一家擁有CAS認證的觀光級碾米廠，也是「全台最美米廠」，讓遊客能認識池上米製程、了解農耕演變歷史與體驗傳統土礱碾米、爆米香，近兩公頃的花草園區景觀讓人流連忘返。
118,東部,花蓮市,香又香便當調查局,花蓮縣花蓮市美工路15號,03-8228111,http://www.canmorer.com/demo/bandang/,"""24.014188,121.632084""",在廠區可透過展示牆及作業區之透明觀景窗，一窺現今學童營養午餐從科學的菜單設計，到一個便當的完整製程外，局內也有一些健康小知識及飲食禁忌之解密，讓學童及社會大眾不只對國內飲食製備之安全衛生更有信心，也可帶著滿滿的知識回家喔!
119,東部,花蓮市,臺灣菸酒(股)公司花蓮觀光酒廠,花蓮市美工路6號,03-8222130,http://event.ttl-eshop.com.tw/hl/,"""24.016436,121.633548""",本廠定位為「黃金酒鄉」，是以開發具地方特色黃金酒系列產品及於「產品推廣中心」內設置「黃金酒鄉體驗館」的具體方式展現，經由歷史文物陳列及專業導覽人員解說，將傳統製酒知識傳遞給遊客並將本廠轉換成觀光亮點。
